{"train": {"mae": [0.3659355178594828], "loss": [0.5488774577054925], "R": [0.793119962149505]}, "test": {"mae": [0.9848310021683574, 0.6381439968012274, 0.4258140675723553, 0.41489844415336846, 0.41297296471893785, 0.3735752297565341, 0.6810658128932119, 0.5362867845222354, 0.4900635641999543, 0.3540423683822155, 0.3118398248218, 0.44111470934003594, 0.35461374651640654, NaN], "loss": [1.8883820384507999, 0.8426275452235131, 0.43514297127258034, 0.39558071121573446, 0.4441854941193014, 0.2886906858533621, 1.796915734844515, 2.834929968311917, 1.3138544098939746, 0.2739488521881867, 0.2445457152207382, 0.6546665182744619, 0.31829778956598603, NaN], "R": [-0.10709240085446965, 0.39223828647202663, 0.6936307565793413, 0.6067748845156503, 0.6101578841887414, 0.6862316590153751, 0.3354443358876714, 0.15589303840993832, 0.33701409759955503, 0.7054084937646715, 0.8050017632140186, 0.5143939608112905, 0.7315854757134151, NaN], "l_test": [0.7499690651893616, 0.6835706830024719, 0.7183297872543335, 0.7477558851242065, 0.7492737770080566, 0.7782977819442749, 0.7735504508018494, 0.7580327987670898, 0.7451184988021851, 0.7252618074417114, 0.7622173428535461, 0.7003510594367981, 0.7693600654602051, NaN], "l_train": [0.17196586728096008, 0.10728297382593155, 0.16531649231910706, 0.10582838207483292, 0.1471589356660843, 0.12556487321853638, 0.14255520701408386, 0.15155208110809326, 0.13291293382644653, 0.1266486644744873, 0.1475091278553009, 0.12242505699396133, 0.1087128147482872, NaN]}}